"name","file","start_line","end_line","type"
"info_language_extensions_default","build/CMakeFiles/3.28.3/CompilerIdC/CMakeCCompilerId.c",835,835,"const char *"
"info_language_standard_default","build/CMakeFiles/3.28.3/CompilerIdC/CMakeCCompilerId.c",832,832,"const char *"
"info_arch","build/CMakeFiles/3.28.3/CompilerIdC/CMakeCCompilerId.c",811,811,"const char *"
"info_platform","build/CMakeFiles/3.28.3/CompilerIdC/CMakeCCompilerId.c",810,810,"const char *"
"info_version","build/CMakeFiles/3.28.3/CompilerIdC/CMakeCCompilerId.c",761,761,"const char[]"
"info_compiler","build/CMakeFiles/3.28.3/CompilerIdC/CMakeCCompilerId.c",448,448,"const char *"
"ucl_standartd_emitter_ops","src/ucl_emitter.c",74,74,"const ucl_emitter_operations[]"
"ucl_standard_emitters","src/ucl_emitter_utils.c",41,41,"const ucl_emitter_context[]"
"recursion","tests/test_msgpack.c",33,33,"int"
"__ac_HASH_UPPER","klib/khash.h",192,192,"const double"
"nelt","tests/test_msgpack.c",31,31,"const int"
"lc_map","src/ucl_hash.c",60,60,"const unsigned char[256]"
"parsers","src/ucl_msgpack.c",447,447,"ucl_msgpack_parser[]"
"_mum_primes","src/mum.h",98,98,"uint64_t[]"
"_mum_finish_prime2","src/mum.h",96,96,"uint64_t"
"_mum_finish_prime1","src/mum.h",95,95,"uint64_t"
"_mum_tail_prime","src/mum.h",94,94,"uint64_t"
"_mum_unroll_prime","src/mum.h",93,93,"uint64_t"
"_mum_block_start_prime","src/mum.h",92,92,"uint64_t"
"_mum_key_step_prime","src/mum.h",91,91,"uint64_t"
"_mum_hash_step_prime","src/mum.h",90,90,"uint64_t"
"ucl_chartable","src/ucl_chartable.h",29,29,"const unsigned int[256]"
"safe_iter_magic","src/ucl_util.c",2778,2778,"const char[4]"
"niter","tests/test_msgpack.c",29,29,"const int"
"ntests","tests/test_msgpack.c",30,30,"const int"
"rng","tests/test_msgpack.c",64,64,"pcg32_random_t"
"tests","tests/test_msgpack.c",47,47,"ucl_msgpack_test[]"
