"name","file","line","body"
"C_VERSION","build/CMakeFiles/3.28.3/CompilerIdC/CMakeCCompilerId.c",824,"""17"""
"PLATFORM_ID","build/CMakeFiles/3.28.3/CompilerIdC/CMakeCCompilerId.c",466,"""Linux"""
"COMPILER_VERSION_PATCH","build/CMakeFiles/3.28.3/CompilerIdC/CMakeCCompilerId.c",375,"DEC(__GNUC_PATCHLEVEL__)"
"COMPILER_VERSION_MINOR","build/CMakeFiles/3.28.3/CompilerIdC/CMakeCCompilerId.c",372,"DEC(__GNUC_MINOR__)"
"COMPILER_VERSION_MAJOR","build/CMakeFiles/3.28.3/CompilerIdC/CMakeCCompilerId.c",370,"DEC(__GNUC__)"
"COMPILER_ID","build/CMakeFiles/3.28.3/CompilerIdC/CMakeCCompilerId.c",369,"""GNU"""
"LONG_STRING_LIMIT","src/ucl_emitter_utils.c",509,"80"
"UCL_TRASH_VALUE","src/ucl_internal.h",145,"1"
"UCL_TRASH_KEY","src/ucl_internal.h",144,"0"
"UCL_MAX_RECURSION","src/ucl_internal.h",143,"16"
"__DECONST","src/ucl_internal.h",135,"((type) (uintptr_t) (const void *) (var))"
"kh_inline","klib/khash.h",150,"inline"
"AC_VERSION_KHASH_H","klib/khash.h",126,"""0.2.8"""
"kh_unused","klib/khash.h",156,"__attribute__((__unused__)) x"
"kroundup32","klib/khash.h",176,"(--(x), (x)|=(x)>>1, (x)|=(x)>>2, (x)|=(x)>>4, (x)|=(x)>>8, (x)|=(x)>>16, ++(x))"
"kcalloc","klib/khash.h",180,"calloc(N,Z)"
"kmalloc","klib/khash.h",183,"malloc(Z)"
"krealloc","klib/khash.h",186,"realloc(P,Z)"
"kfree","klib/khash.h",189,"free(P)"
"UCL64_BIT_HASH","src/ucl_hash.c",98,"1"
"MSGPACK_FLAG_FIXED","src/ucl_msgpack.c",427,"(1 << 0)"
"MSGPACK_FLAG_TYPEVALUE","src/ucl_msgpack.c",429,"(1 << 2)"
"MSGPACK_FLAG_ASSOC","src/ucl_msgpack.c",431,"(1 << 4)"
"MSGPACK_FLAG_CONTAINER","src/ucl_msgpack.c",428,"(1 << 1)"
"MSGPACK_FLAG_KEY","src/ucl_msgpack.c",432,"(1 << 5)"
"MSGPACK_FLAG_EXT","src/ucl_msgpack.c",430,"(1 << 3)"
"GET_NEXT_STATE","src/ucl_msgpack.c",860,"do { container = ucl_msgpack_get_next_container(parser); if (container == NULL) { ucl_create_err(&parser->err, ""empty container""); return false; } next_state = container->obj->type == UCL_OBJECT ? read_assoc_key : read_array_value; } while (0)"
"CONSUME_RET","src/ucl_msgpack.c",843,"do { if (ret != -1) { p += ret; remain -= ret; obj_parser = NULL; assert(remain >= 0); } else { ucl_create_err(&parser->err, ""cannot parse type %d of len %u"", (int) obj_parser->fmt, (unsigned) len); return false; } } while (0)"
"FROM_BE64","src/ucl_msgpack.c",95,"SWAP_LE_BE64"
"SWAP_LE_BE64","src/ucl_msgpack.c",56,"((uint64_t) __builtin_bswap64((uint64_t) (val)))"
"FROM_BE32","src/ucl_msgpack.c",94,"SWAP_LE_BE32"
"SWAP_LE_BE32","src/ucl_msgpack.c",55,"((uint32_t) __builtin_bswap32((uint32_t) (val)))"
"FROM_BE16","src/ucl_msgpack.c",93,"SWAP_LE_BE16"
"SWAP_LE_BE16","src/ucl_msgpack.c",51,"((uint16_t) ((uint16_t) ((uint16_t) (val) >> 8) | (uint16_t) ((uint16_t) (val) << 8)))"
"TO_BE64","src/ucl_msgpack.c",92,"SWAP_LE_BE64"
"TO_BE32","src/ucl_msgpack.c",91,"SWAP_LE_BE32"
"TO_BE16","src/ucl_msgpack.c",90,"SWAP_LE_BE16"
"TREE_DELTA_MAX","src/tree.h",46,"1"
"_HU_FUNCTION","src/tree.h",49,"__attribute__((__unused__)) x"
"NEXT_STATE","src/ucl_sexp.c",34,"do { if (p >= end) { if (state != read_ebrace) { ucl_create_err(&parser->err, ""extra data""); state = parse_err; } } else { switch (*p) { case '(': state = read_obrace; break; case ')': state = read_ebrace; break; default: len = 0; mult = 1; state = read_length; break; } } } while (0)"
"UCL_PRIORITY_MAX","include/ucl.h",1664,"15"
"UCL_PRIORITY_MIN","include/ucl.h",1663,"0"
"ucl_obj_free","include/ucl.h",1661,"ucl_object_free"
"ucl_obj_ref","include/ucl.h",1660,"ucl_object_ref"
"ucl_obj_unref","include/ucl.h",1659,"ucl_object_unref"
"ucl_obj_get_keyl","include/ucl.h",1658,"ucl_object_find_keyl"
"ucl_object_find_keyl","include/ucl.h",725,"ucl_object_lookup_len"
"ucl_obj_get_key","include/ucl.h",1657,"ucl_object_find_key"
"ucl_object_find_key","include/ucl.h",700,"ucl_object_lookup"
"ucl_obj_toboolean_safe","include/ucl.h",1656,"ucl_object_toboolean_safe"
"ucl_obj_toboolean","include/ucl.h",1655,"ucl_object_toboolean"
"ucl_obj_toint_safe","include/ucl.h",1654,"ucl_object_toint_safe"
"ucl_obj_toint","include/ucl.h",1653,"ucl_object_toint"
"ucl_obj_tolstring_safe","include/ucl.h",1652,"ucl_object_tolstring_safe"
"ucl_obj_tolstring","include/ucl.h",1651,"ucl_object_tolstring"
"ucl_obj_tostring_safe","include/ucl.h",1650,"ucl_object_tostring_safe"
"ucl_obj_tostring","include/ucl.h",1649,"ucl_object_tostring"
"ucl_obj_todouble","include/ucl.h",1648,"ucl_object_todouble"
"ucl_obj_todouble_safe","include/ucl.h",1647,"ucl_object_todouble_safe"
"ucl_iterate_object","include/ucl.h",861,"ucl_object_iterate"
"ucl_object_iterate","include/ucl.h",862,"ucl_object_iterate_with_error((ob), (it), (ev), NULL)"
"ucl_lookup_path_char","include/ucl.h",746,"ucl_object_lookup_path_char"
"ucl_lookup_path","include/ucl.h",735,"ucl_object_lookup_path"
"ucl_object_find_any_key","include/ucl.h",714,"ucl_object_lookup_any"
"UCL_WARN_UNUSED_RESULT","include/ucl.h",91,"__attribute__((warn_unused_result))"
"UCL_ALLOC","include/ucl.h",71,"malloc(size)"
"UCL_FREE","include/ucl.h",74,"free(ptr)"
"UCL_REALLOC","include/ucl.h",77,"realloc(ptr, size)"
"UCL_STRDUP","include/ucl.h",87,"ucl_strdup_impl(str)"
"DL_SEARCH2","uthash/utlist.h",754,"LL_SEARCH2"
"LL_SEARCH2","uthash/utlist.h",440,"do { LL_FOREACH2(head,out,next) { if ((cmp(out,elt))==0) break; } } while (0)"
"DL_SEARCH_SCALAR2","uthash/utlist.h",753,"LL_SEARCH_SCALAR2"
"LL_SEARCH_SCALAR2","uthash/utlist.h",430,"do { LL_FOREACH2(head,out,next) { if ((out)->field == (val)) break; } } while (0)"
"DL_SEARCH","uthash/utlist.h",752,"LL_SEARCH"
"LL_SEARCH","uthash/utlist.h",437,"LL_SEARCH2(head,out,elt,cmp,next)"
"DL_SEARCH_SCALAR","uthash/utlist.h",751,"LL_SEARCH_SCALAR"
"LL_SEARCH_SCALAR","uthash/utlist.h",427,"LL_SEARCH_SCALAR2(head,out,field,val,next)"
"UTLIST_VERSION","uthash/utlist.h",27,"2.3.0"
"oom","uthash/utstring.h",42,"abort"
"_UNUSED_","uthash/utstring.h",32,"__attribute__ ((__unused__))"
"UTSTRING_VERSION","uthash/utstring.h",29,"1.9.8"
"_MUM_BLOCK_LEN","src/mum.h",327,"1024"
"_MUM_UNALIGNED_ACCESS","src/mum.h",317,"1"
"_MUM_UNROLL_FACTOR","src/mum.h",229,"(1 << _MUM_UNROLL_FACTOR_POWER)"
"_MUM_UNROLL_FACTOR_POWER","src/mum.h",219,"2"
"_MUM_ATTRIBUTE_UNUSED","src/mum.h",77,"__attribute__((unused))"
"_MUM_USE_INT128","src/mum.h",66,"1"
"HASH_BLOOM_SIGNATURE","uthash/uthash.h",674,"0xb12220f2"
"HASH_SIGNATURE","uthash/uthash.h",673,"0xa0111fe1"
"XX_HASH_PRIME","uthash/uthash.h",355,"2654435761U"
"HASH_FCN","uthash/uthash.h",352,"HASH_XX"
"HASH_XX","uthash/uthash.h",357,"do { hashv = mum_hash (key, keylen, XX_HASH_PRIME); bkt = (hashv) & (num_bkts-1); } while (0)"
"HASH_BLOOM_BYTELEN","uthash/uthash.h",139,"0"
"HASH_BKT_CAPACITY_THRESH","uthash/uthash.h",90,"10"
"HASH_INITIAL_NUM_BUCKETS_LOG2","uthash/uthash.h",89,"5"
"HASH_INITIAL_NUM_BUCKETS","uthash/uthash.h",88,"32"
"UTHASH_VERSION","uthash/uthash.h",68,"1.9.8"
"uthash_fatal","uthash/uthash.h",71,"exit(-1)"
"uthash_malloc","uthash/uthash.h",74,"malloc(sz)"
"uthash_free","uthash/uthash.h",77,"free(ptr)"
"kv_grow_factor","klib/kvec.h",75,"1.5"
"PRIOBITS","src/ucl_util.c",3820,"4"
"ucl_realpath","src/ucl_util.c",185,"realpath"
"ucl_munmap","src/ucl_util.c",184,"munmap"
"ucl_mmap","src/ucl_util.c",183,"mmap"
"NTESTS","tests/test_msgpack.c",56,"(sizeof(tests) / sizeof(tests[0]))"
"DEC","build/CMakeFiles/3.28.3/CompilerIdC/CMakeCCompilerId.c",734,"('0' + (((n) / 10000000)%10)), ('0' + (((n) / 1000000)%10)), ('0' + (((n) / 100000)%10)), ('0' + (((n) / 10000)%10)), ('0' + (((n) / 1000)%10)), ('0' + (((n) / 100)%10)), ('0' + (((n) / 10)%10)), ('0' + ((n) % 10))"
"HEX","build/CMakeFiles/3.28.3/CompilerIdC/CMakeCCompilerId.c",745,"('0' + ((n)>>28 & 0xF)), ('0' + ((n)>>24 & 0xF)), ('0' + ((n)>>20 & 0xF)), ('0' + ((n)>>16 & 0xF)), ('0' + ((n)>>12 & 0xF)), ('0' + ((n)>>8 & 0xF)), ('0' + ((n)>>4 & 0xF)), ('0' + ((n) & 0xF))"
"STRINGIFY","build/CMakeFiles/3.28.3/CompilerIdC/CMakeCCompilerId.c",462,"STRINGIFY_HELPER(X)"
"STRINGIFY_HELPER","build/CMakeFiles/3.28.3/CompilerIdC/CMakeCCompilerId.c",461,"#X"
"LL_FOREACH","uthash/utlist.h",415,"LL_FOREACH2(head,el,next)"
"LL_FOREACH2","uthash/utlist.h",418,"for ((el) = (head); el; (el) = (el)->next)"
"UCL_EMIT_TYPE_IMPL","src/ucl_emitter.c",513,"static void ucl_emit_ ## type ## _elt(struct ucl_emitter_context *ctx, const ucl_object_t *obj, bool first, bool print_key) { ucl_emitter_common_elt(ctx, obj, first, print_key, (compact)); } static void ucl_emit_ ## type ## _start_obj(struct ucl_emitter_context *ctx, const ucl_object_t *obj, bool first, bool print_key) { ucl_emitter_common_start_object(ctx, obj, first, print_key, (compact)); } static void ucl_emit_ ## type ## _start_array(struct ucl_emitter_context *ctx, const ucl_object_t *obj, bool first, bool print_key) { ucl_emitter_common_start_array(ctx, obj, first, print_key, (compact)); } static void ucl_emit_ ## type ## _end_object(struct ucl_emitter_context *ctx, const ucl_object_t *obj) { ucl_emitter_common_end_object(ctx, obj, (compact)); } static void ucl_emit_ ## type ## _end_array(struct ucl_emitter_context *ctx, const ucl_object_t *obj) { ucl_emitter_common_end_array(ctx, obj, (compact)); }"
"DL_FOREACH","uthash/utlist.h",737,"DL_FOREACH2(head,el,next)"
"DL_FOREACH2","uthash/utlist.h",740,"for ((el) = (head); el; (el) = (el)->next)"
"UCL_EMIT_IDENT_TOP_OBJ","src/ucl_emitter.c",84,"((ctx)->top != (obj) || ((ctx)->id == UCL_EMIT_JSON_COMPACT || (ctx)->id == UCL_EMIT_JSON))"
"ucl_hash_iterate","src/ucl_hash.h",93,"ucl_hash_iterate2((hl), (ip), NULL)"
"UCL_EMIT_TYPE_CONTENT","src/ucl_emitter.c",67,"{ .ucl_emitter_write_elt = ucl_emit_ ## type ## _elt, .ucl_emitter_start_object = ucl_emit_ ## type ## _start_obj, .ucl_emitter_start_array = ucl_emit_ ## type ## _start_array, .ucl_emitter_end_object = ucl_emit_ ## type ## _end_object, .ucl_emitter_end_array = ucl_emit_ ## type ## _end_array}"
"UCL_EMIT_TYPE_OPS","src/ucl_emitter.c",46,"static void ucl_emit_ ## type ## _elt(struct ucl_emitter_context *ctx, const ucl_object_t *obj, bool first, bool print_key); static void ucl_emit_ ## type ## _start_obj(struct ucl_emitter_context *ctx, const ucl_object_t *obj, bool first, bool print_key); static void ucl_emit_ ## type ## _start_array(struct ucl_emitter_context *ctx, const ucl_object_t *obj, bool first, bool print_key); static void ucl_emit_ ## type ## _end_object(struct ucl_emitter_context *ctx, const ucl_object_t *obj); static void ucl_emit_ ## type ## _end_array(struct ucl_emitter_context *ctx, const ucl_object_t *obj)"
"TO_STREAMLINE","src/ucl_emitter_streamline.c",60,"(struct ucl_emitter_context_streamline *) (ctx)"
"LL_PREPEND","uthash/utlist.h",316,"LL_PREPEND2(head,add,next)"
"LL_PREPEND2","uthash/utlist.h",319,"do { (add)->next = (head); (head) = (add); } while (0)"
"utstring_new","uthash/utstring.h",81,"do { s = (UT_string*)calloc(1, sizeof(UT_string)); if (!s) oom(); else utstring_init(s); } while(0)"
"utstring_init","uthash/utstring.h",62,"do { (s)->n = 0; (s)->i = 0; (s)->d = NULL; utstring_reserve(s,128); (s)->d[0] = '\0'; } while(0)"
"utstring_reserve","uthash/utstring.h",52,"do { if (((s)->n - (s)->i) < (size_t)(amt)) { (s)->d = (char*)realloc((s)->d, (s)->n + amt); if ((s)->d == NULL) oom(); else {(s)->n += amt; if ((s)->pd) *((s)->pd) = (s)->d;} } } while(0)"
"utstring_body","uthash/utstring.h",121,"((s)->d)"
"utstring_append_len","uthash/utstring.h",157,"do { while ((dst)->n-(dst)->i <= (len)) utstring_reserve((dst),((dst)->n)*2); memcpy(&(dst)->d[(dst)->i], (src), (len)); (dst)->i+=(len); (dst)->d[(dst)->i]='\0'; } while(0)"
"utstring_append_c","uthash/utstring.h",165,"do { if ((dst)->n-(dst)->i < 2) utstring_reserve((dst),((dst)->n)*2); (dst)->d[(dst)->i++] = (c); (dst)->d[(dst)->i]='\0'; } while(0)"
"KHASH_MAP_INIT_STR","klib/khash.h",624,"KHASH_INIT(name, kh_cstr_t, khval_t, 1, kh_str_hash_func, kh_str_hash_equal)"
"KHASH_SET_INIT_STR","klib/khash.h",616,"KHASH_INIT(name, kh_cstr_t, char, 0, kh_str_hash_func, kh_str_hash_equal)"
"KHASH_MAP_INIT_INT64","klib/khash.h",608,"KHASH_INIT(name, khint64_t, khval_t, 1, kh_int64_hash_func, kh_int64_hash_equal)"
"KHASH_SET_INIT_INT64","klib/khash.h",600,"KHASH_INIT(name, khint64_t, char, 0, kh_int64_hash_func, kh_int64_hash_equal)"
"KHASH_MAP_INIT_INT","klib/khash.h",593,"KHASH_INIT(name, khint32_t, khval_t, 1, kh_int_hash_func, kh_int_hash_equal)"
"KHASH_SET_INIT_INT","klib/khash.h",585,"KHASH_INIT(name, khint32_t, char, 0, kh_int_hash_func, kh_int_hash_equal)"
"kh_foreach_value","klib/khash.h",572,"{ khint_t __i; for (__i = kh_begin(h); __i != kh_end(h); ++__i) { if (!kh_exist(h,__i)) continue; (vvar) = kh_val(h,__i); code; } }"
"kh_foreach","klib/khash.h",558,"{ khint_t __i; for (__i = kh_begin(h); __i != kh_end(h); ++__i) { if (!kh_exist(h,__i)) continue; (kvar) = kh_key(h,__i); (vvar) = kh_val(h,__i); code; } }"
"kh_n_buckets","klib/khash.h",549,"((h)->n_buckets)"
"kh_size","klib/khash.h",542,"((h)->size)"
"kh_end","klib/khash.h",535,"((h)->n_buckets)"
"kh_begin","klib/khash.h",528,"(khint_t)(0)"
"kh_value","klib/khash.h",521,"((h)->vals[x])"
"kh_val","klib/khash.h",516,"((h)->vals[x])"
"kh_key","klib/khash.h",507,"((h)->keys[x])"
"kh_exist","klib/khash.h",499,"(!__ac_iseither((h)->flags, (x)))"
"kh_del","klib/khash.h",491,"kh_del_ ## name(h, k)"
"kh_get","klib/khash.h",483,"kh_get_ ## name(h, k)"
"kh_put","klib/khash.h",474,"kh_put_ ## name(h, k, r)"
"kh_resize","klib/khash.h",461,"kh_resize_ ## name(h, s)"
"kh_clear","klib/khash.h",453,"kh_clear_ ## name(h)"
"kh_destroy","klib/khash.h",446,"kh_destroy_ ## name(h)"
"kh_init","klib/khash.h",439,"kh_init_ ## name()"
"khash_t","klib/khash.h",432,"kh_ ## name ## _t"
"kh_int_hash_func2","klib/khash.h",422,"__ac_Wang_hash((khint_t)key)"
"kh_str_hash_equal","klib/khash.h",410,"(strcmp(a, b) == 0)"
"kh_str_hash_func","klib/khash.h",406,"__ac_X31_hash_string(key)"
"kh_int64_hash_equal","klib/khash.h",389,"((a) == (b))"
"kh_int64_hash_func","klib/khash.h",385,"(khint32_t)((key)>>33^(key)^(key)<<11)"
"kh_int_hash_equal","klib/khash.h",379,"((a) == (b))"
"kh_int_hash_func","klib/khash.h",375,"(khint32_t)(key)"
"KHASH_INIT","klib/khash.h",365,"KHASH_INIT2(name, static kh_inline, khkey_t, khval_t, kh_is_map, __hash_func, __hash_equal)"
"KHASH_INIT2","klib/khash.h",361,"__KHASH_TYPE(name, khkey_t, khval_t) __KHASH_IMPL(name, SCOPE, khkey_t, khval_t, kh_is_map, __hash_func, __hash_equal)"
"KHASH_DECLARE","klib/khash.h",357,"__KHASH_TYPE(name, khkey_t, khval_t) __KHASH_PROTOTYPES(name, khkey_t, khval_t)"
"__KHASH_IMPL","klib/khash.h",211,"SCOPE kh_ ## name ## _t *kh_init_ ## name(void) { return (kh_ ## name ## _t*)kcalloc(1, sizeof(kh_ ## name ## _t)); } SCOPE void kh_destroy_ ## name(kh_ ## name ## _t *h) { if (h) { kfree((void *)h->keys); kfree(h->flags); kfree((void *)h->vals); kfree(h); } } SCOPE void kh_unused(kh_clear_ ## name)(kh_ ## name ## _t *h) { if (h && h->flags) { memset(h->flags, 0xaa, __ac_fsize(h->n_buckets) * sizeof(khint32_t)); h->size = h->n_occupied = 0; } } SCOPE khint_t kh_get_ ## name(const kh_ ## name ## _t *h, khkey_t key) { if (h->n_buckets) { khint_t k, i, last, mask, step = 0; mask = h->n_buckets - 1; k = __hash_func(key); i = k & mask; last = i; while (!__ac_isempty(h->flags, i) && (__ac_isdel(h->flags, i) || !__hash_equal(h->keys[i], key))) { i = (i + (++step)) & mask; if (i == last) return h->n_buckets; } return __ac_iseither(h->flags, i)? h->n_buckets : i; } else return 0; } SCOPE int kh_resize_ ## name(kh_ ## name ## _t *h, khint_t new_n_buckets) { khint32_t *new_flags = 0; khint_t j = 1; { kroundup32(new_n_buckets); if (new_n_buckets < 4) new_n_buckets = 4; if (h->size >= (khint_t)(new_n_buckets * __ac_HASH_UPPER + 0.5)) j = 0; else { new_flags = (khint32_t*)kmalloc(__ac_fsize(new_n_buckets) * sizeof(khint32_t)); if (!new_flags) return -1; memset(new_flags, 0xaa, __ac_fsize(new_n_buckets) * sizeof(khint32_t)); if (h->n_buckets < new_n_buckets) { khkey_t *new_keys = (khkey_t*)krealloc((void *)h->keys, new_n_buckets * sizeof(khkey_t)); if (!new_keys) { kfree(new_flags); return -1; } h->keys = new_keys; if (kh_is_map) { khval_t *new_vals = (khval_t*)krealloc((void *)h->vals, new_n_buckets * sizeof(khval_t)); if (!new_vals) { kfree(new_flags); return -1; } h->vals = new_vals; } } } } if (j) { for (j = 0; j != h->n_buckets; ++j) { if (__ac_iseither(h->flags, j) == 0) { khkey_t key = h->keys[j]; khval_t val; khint_t new_mask; new_mask = new_n_buckets - 1; if (kh_is_map) val = h->vals[j]; __ac_set_isdel_true(h->flags, j); while (1) { khint_t k, i, step = 0; k = __hash_func(key); i = k & new_mask; while (!__ac_isempty(new_flags, i)) i = (i + (++step)) & new_mask; __ac_set_isempty_false(new_flags, i); if (i < h->n_buckets && __ac_iseither(h->flags, i) == 0) { { khkey_t tmp = h->keys[i]; h->keys[i] = key; key = tmp; } if (kh_is_map) { khval_t tmp = h->vals[i]; h->vals[i] = val; val = tmp; } __ac_set_isdel_true(h->flags, i); } else { h->keys[i] = key; if (kh_is_map) h->vals[i] = val; break; } } } } if (h->n_buckets > new_n_buckets) { h->keys = (khkey_t*)krealloc((void *)h->keys, new_n_buckets * sizeof(khkey_t)); if (kh_is_map) h->vals = (khval_t*)krealloc((void *)h->vals, new_n_buckets * sizeof(khval_t)); } kfree(h->flags); h->flags = new_flags; h->n_buckets = new_n_buckets; h->n_occupied = h->size; h->upper_bound = (khint_t)(h->n_buckets * __ac_HASH_UPPER + 0.5); } return 0; } SCOPE khint_t kh_put_ ## name(kh_ ## name ## _t *h, khkey_t key, int *ret) { khint_t x; if (h->n_occupied >= h->upper_bound) { if (h->n_buckets > (h->size<<1)) { if (kh_resize_ ## name(h, h->n_buckets - 1) < 0) { *ret = -1; return h->n_buckets; } } else if (kh_resize_ ## name(h, h->n_buckets + 1) < 0) { *ret = -1; return h->n_buckets; } } { khint_t k, i, site, last, mask = h->n_buckets - 1, step = 0; x = site = h->n_buckets; k = __hash_func(key); i = k & mask; if (__ac_isempty(h->flags, i)) x = i; else { last = i; while (!__ac_isempty(h->flags, i) && (__ac_isdel(h->flags, i) || !__hash_equal(h->keys[i], key))) { if (__ac_isdel(h->flags, i)) site = i; i = (i + (++step)) & mask; if (i == last) { x = site; break; } } if (x == h->n_buckets) { if (__ac_isempty(h->flags, i) && site != h->n_buckets) x = site; else x = i; } } } if (__ac_isempty(h->flags, x)) { h->keys[x] = key; __ac_set_isboth_false(h->flags, x); ++h->size; ++h->n_occupied; *ret = 1; } else if (__ac_isdel(h->flags, x)) { h->keys[x] = key; __ac_set_isboth_false(h->flags, x); ++h->size; *ret = 2; } else *ret = 0; return x; } SCOPE void kh_del_ ## name(kh_ ## name ## _t *h, khint_t x) { if (x != h->n_buckets && !__ac_iseither(h->flags, x)) { __ac_set_isdel_true(h->flags, x); --h->size; } }"
"__KHASH_PROTOTYPES","klib/khash.h",202,"extern kh_ ## name ## _t * kh_init_ ## name(void); extern void kh_destroy_ ## name(kh_ ## name ## _t *h); extern void kh_clear_ ## name(kh_ ## name ## _t *h); extern khint_t kh_get_ ## name(const kh_ ## name ## _t *h, khkey_t key); extern int kh_resize_ ## name(kh_ ## name ## _t *h, khint_t new_n_buckets); extern khint_t kh_put_ ## name(kh_ ## name ## _t *h, khkey_t key, int *ret); extern void kh_del_ ## name(kh_ ## name ## _t *h, khint_t x);"
"__KHASH_TYPE","klib/khash.h",194,"typedef struct kh_ ## name ## _s { khint_t n_buckets, size, n_occupied, upper_bound; khint32_t *flags; khkey_t *keys; khval_t *vals; } kh_ ## name ## _t;"
"__ac_fsize","klib/khash.h",173,"((m) < 16? 1 : (m)>>4)"
"__ac_set_isdel_true","klib/khash.h",171,"(flag[i>>4]|=1ul<<((i&0xfU)<<1))"
"__ac_set_isboth_false","klib/khash.h",170,"(flag[i>>4]&=~(3ul<<((i&0xfU)<<1)))"
"__ac_set_isempty_false","klib/khash.h",169,"(flag[i>>4]&=~(2ul<<((i&0xfU)<<1)))"
"__ac_set_isdel_false","klib/khash.h",168,"(flag[i>>4]&=~(1ul<<((i&0xfU)<<1)))"
"__ac_iseither","klib/khash.h",167,"((flag[i>>4]>>((i&0xfU)<<1))&3)"
"__ac_isdel","klib/khash.h",166,"((flag[i>>4]>>((i&0xfU)<<1))&1)"
"__ac_isempty","klib/khash.h",165,"((flag[i>>4]>>((i&0xfU)<<1))&2)"
"DL_SORT","uthash/utlist.h",174,"DL_SORT2(list, cmp, prev, next)"
"DL_SORT2","uthash/utlist.h",177,"do { LDECLTYPE(list) _ls_p; LDECLTYPE(list) _ls_q; LDECLTYPE(list) _ls_e; LDECLTYPE(list) _ls_tail; IF_NO_DECLTYPE(LDECLTYPE(list) _tmp;) int _ls_insize, _ls_nmerges, _ls_psize, _ls_qsize, _ls_i, _ls_looping; if (list) { _ls_insize = 1; _ls_looping = 1; while (_ls_looping) { UTLIST_CASTASGN(_ls_p,list); (list) = NULL; _ls_tail = NULL; _ls_nmerges = 0; while (_ls_p) { _ls_nmerges++; _ls_q = _ls_p; _ls_psize = 0; for (_ls_i = 0; _ls_i < _ls_insize; _ls_i++) { _ls_psize++; UTLIST_SV(_ls_q,list); _ls_q = UTLIST_NEXT(_ls_q,list,next); UTLIST_RS(list); if (!_ls_q) break; } _ls_qsize = _ls_insize; while ((_ls_psize > 0) || ((_ls_qsize > 0) && _ls_q)) { if (_ls_psize == 0) { _ls_e = _ls_q; UTLIST_SV(_ls_q,list); _ls_q = UTLIST_NEXT(_ls_q,list,next); UTLIST_RS(list); _ls_qsize--; } else if ((_ls_qsize == 0) || (!_ls_q)) { _ls_e = _ls_p; UTLIST_SV(_ls_p,list); _ls_p = UTLIST_NEXT(_ls_p,list,next); UTLIST_RS(list); _ls_psize--; } else if (cmp(_ls_p,_ls_q) <= 0) { _ls_e = _ls_p; UTLIST_SV(_ls_p,list); _ls_p = UTLIST_NEXT(_ls_p,list,next); UTLIST_RS(list); _ls_psize--; } else { _ls_e = _ls_q; UTLIST_SV(_ls_q,list); _ls_q = UTLIST_NEXT(_ls_q,list,next); UTLIST_RS(list); _ls_qsize--; } if (_ls_tail) { UTLIST_SV(_ls_tail,list); UTLIST_NEXTASGN(_ls_tail,list,_ls_e,next); UTLIST_RS(list); } else { UTLIST_CASTASGN(list,_ls_e); } UTLIST_SV(_ls_e,list); UTLIST_PREVASGN(_ls_e,list,_ls_tail,prev); UTLIST_RS(list); _ls_tail = _ls_e; } _ls_p = _ls_q; } UTLIST_CASTASGN((list)->prev, _ls_tail); UTLIST_SV(_ls_tail,list); UTLIST_NEXTASGN(_ls_tail,list,NULL,next); UTLIST_RS(list); if (_ls_nmerges <= 1) { _ls_looping=0; } _ls_insize *= 2; } } } while (0)"
"LDECLTYPE","uthash/utlist.h",78,"__typeof(x)"
"UTLIST_CASTASGN","uthash/utlist.h",103,"(a)=(b)"
"UTLIST_NEXT","uthash/utlist.h",98,"((elt)->next)"
"UTLIST_NEXTASGN","uthash/utlist.h",99,"((elt)->next)=(to)"
"UTLIST_PREVASGN","uthash/utlist.h",101,"((elt)->prev)=(to)"
"DL_DELETE","uthash/utlist.h",705,"DL_DELETE2(head,del,prev,next)"
"DL_DELETE2","uthash/utlist.h",708,"do { assert((head) != NULL); assert((del)->prev != NULL); if ((del)->prev == (del)) { (head)=NULL; } else if ((del) == (head)) { assert((del)->next != NULL); (del)->next->prev = (del)->prev; (head) = (del)->next; } else { (del)->prev->next = (del)->next; if ((del)->next) { (del)->next->prev = (del)->prev; } else { (head)->prev = (del)->prev; } } } while (0)"
"UHI_SETERR","src/ucl_hash.c",396,"{ if (ep != NULL) *ep = (ern); }"
"DL_REPLACE_ELEM","uthash/utlist.h",782,"DL_REPLACE_ELEM2(head, el, add, prev, next)"
"DL_REPLACE_ELEM2","uthash/utlist.h",756,"do { assert((head) != NULL); assert((el) != NULL); assert((add) != NULL); if ((head) == (el)) { (head) = (add); (add)->next = (el)->next; if ((el)->next == NULL) { (add)->prev = (add); } else { (add)->prev = (el)->prev; (add)->next->prev = (add); } } else { (add)->next = (el)->next; (add)->prev = (el)->prev; (add)->prev->next = (add); if ((el)->next == NULL) { (head)->prev = (add); } else { (add)->next->prev = (add); } } } while (0)"
"DL_APPEND","uthash/utlist.h",638,"DL_APPEND2(head,add,prev,next)"
"DL_APPEND2","uthash/utlist.h",641,"do { if (head) { (add)->prev = (head)->prev; (head)->prev->next = (add); (head)->prev = (add); (add)->next = NULL; } else { (head)=(add); (head)->prev = (head); (head)->next = NULL; } } while (0)"
"DL_FOREACH_SAFE2","uthash/utlist.h",747,"for ((el) = (head); (el) && ((tmp) = (el)->next, 1); (el) = (tmp))"
"DL_FOREACH_SAFE","uthash/utlist.h",744,"DL_FOREACH_SAFE2(head,el,tmp,next)"
"ucl_chunk_skipc","src/ucl_parser.c",48,"do { if (p == chunk->end) { break; } if (*(p) == '\n') { (chunk)->line++; (chunk)->column = 0; } else (chunk)->column++; (p++); (chunk)->pos++; (chunk)->remain--; } while (0)"
"HASH_ADD_KEYPTR","uthash/uthash.h",174,"do { unsigned _ha_bkt; (add)->hh.next = NULL; (add)->hh.key = (const char*)keyptr; (add)->hh.keylen = (unsigned)keylen_in; if (!(head)) { head = (add); (head)->hh.prev = NULL; HASH_MAKE_TABLE(hh,head); } else { (head)->hh.tbl->tail->next = (add); (add)->hh.prev = ELMT_FROM_HH((head)->hh.tbl, (head)->hh.tbl->tail); (head)->hh.tbl->tail = &((add)->hh); } (head)->hh.tbl->num_items++; (add)->hh.tbl = (head)->hh.tbl; HASH_FCN(keyptr,keylen_in, (head)->hh.tbl->num_buckets, (add)->hh.hashv, _ha_bkt); HASH_ADD_TO_BKT((head)->hh.tbl->buckets[_ha_bkt],&(add)->hh); HASH_BLOOM_ADD((head)->hh.tbl,(add)->hh.hashv); HASH_EMIT_KEY(hh,head,keyptr,keylen_in); HASH_FSCK(hh,head); } while(0)"
"HASH_MAKE_TABLE","uthash/uthash.h",142,"do { (head)->hh.tbl = (UT_hash_table*)uthash_malloc( sizeof(UT_hash_table)); if (!((head)->hh.tbl)) { uthash_fatal( ""out of memory""); } memset((head)->hh.tbl, 0, sizeof(UT_hash_table)); (head)->hh.tbl->tail = &((head)->hh); (head)->hh.tbl->num_buckets = HASH_INITIAL_NUM_BUCKETS; (head)->hh.tbl->log2_num_buckets = HASH_INITIAL_NUM_BUCKETS_LOG2; (head)->hh.tbl->hho = (char*)(&(head)->hh) - (char*)(head); (head)->hh.tbl->buckets = (UT_hash_bucket*)uthash_malloc( HASH_INITIAL_NUM_BUCKETS*sizeof(struct UT_hash_bucket)); if (! (head)->hh.tbl->buckets) { uthash_fatal( ""out of memory""); } memset((head)->hh.tbl->buckets, 0, HASH_INITIAL_NUM_BUCKETS*sizeof(struct UT_hash_bucket)); HASH_BLOOM_MAKE((head)->hh.tbl); (head)->hh.tbl->signature = HASH_SIGNATURE; } while(0)"
"ELMT_FROM_HH","uthash/uthash.h",93,"((void*)(((char*)(hhp)) - ((tbl)->hho)))"
"HASH_ADD_TO_BKT","uthash/uthash.h",383,"do { head.count++; (addhh)->hh_next = head.hh_head; (addhh)->hh_prev = NULL; if (head.hh_head) { (head).hh_head->hh_prev = (addhh); } (head).hh_head=addhh; if (head.count >= ((head.expand_mult+1) * HASH_BKT_CAPACITY_THRESH) && (addhh)->tbl->noexpand != 1) { HASH_EXPAND_BUCKETS((addhh)->tbl); } } while(0)"
"HASH_EXPAND_BUCKETS","uthash/uthash.h",438,"do { unsigned _he_bkt; unsigned _he_bkt_i; struct UT_hash_handle *_he_thh, *_he_hh_nxt; UT_hash_bucket *_he_new_buckets, *_he_newbkt; _he_new_buckets = (UT_hash_bucket*)uthash_malloc( 2 * tbl->num_buckets * sizeof(struct UT_hash_bucket)); if (!_he_new_buckets) { uthash_fatal( ""out of memory""); } memset(_he_new_buckets, 0, 2 * tbl->num_buckets * sizeof(struct UT_hash_bucket)); tbl->ideal_chain_maxlen = (tbl->num_items >> (tbl->log2_num_buckets+1)) + ((tbl->num_items & ((tbl->num_buckets*2)-1)) ? 1 : 0); tbl->nonideal_items = 0; for(_he_bkt_i = 0; _he_bkt_i < tbl->num_buckets; _he_bkt_i++) { _he_thh = tbl->buckets[ _he_bkt_i ].hh_head; while (_he_thh) { _he_hh_nxt = _he_thh->hh_next; HASH_TO_BKT( _he_thh->hashv, tbl->num_buckets*2, _he_bkt); _he_newbkt = &(_he_new_buckets[ _he_bkt ]); if (++(_he_newbkt->count) > tbl->ideal_chain_maxlen) { tbl->nonideal_items++; _he_newbkt->expand_mult = _he_newbkt->count / tbl->ideal_chain_maxlen; } _he_thh->hh_prev = NULL; _he_thh->hh_next = _he_newbkt->hh_head; if (_he_newbkt->hh_head) _he_newbkt->hh_head->hh_prev = _he_thh; _he_newbkt->hh_head = _he_thh; _he_thh = _he_hh_nxt; } } uthash_free( tbl->buckets, tbl->num_buckets*sizeof(struct UT_hash_bucket) ); tbl->num_buckets *= 2; tbl->log2_num_buckets++; tbl->buckets = _he_new_buckets; tbl->ineff_expands = (tbl->nonideal_items > (tbl->num_items >> 1)) ? (tbl->ineff_expands+1) : 0; if (tbl->ineff_expands > 1) { tbl->noexpand=1; uthash_noexpand_fyi(tbl); } uthash_expand_fyi(tbl); } while(0)"
"HASH_TO_BKT","uthash/uthash.h",199,"do { bkt = ((hashv) & ((num_bkts) - 1)); } while(0)"
"UPRM_SAFE","src/ucl_parser.c",2797,"do { if (!fn(a, b, c, a)) goto el; } while (0)"
"HASH_FIND","uthash/uthash.h",95,"do { unsigned _hf_bkt,_hf_hashv; out=NULL; if (head) { HASH_FCN(keyptr,keylen, (head)->hh.tbl->num_buckets, _hf_hashv, _hf_bkt); if (HASH_BLOOM_TEST((head)->hh.tbl, _hf_hashv)) { HASH_FIND_IN_BKT((head)->hh.tbl, hh, (head)->hh.tbl->buckets[ _hf_bkt ], keyptr,keylen,out); } } } while (0)"
"HASH_BLOOM_TEST","uthash/uthash.h",138,"(1)"
"HASH_FIND_IN_BKT","uthash/uthash.h",369,"do { if (head.hh_head) DECLTYPE_ASSIGN(out,ELMT_FROM_HH(tbl,head.hh_head)); else out=NULL; while (out) { if ((out)->hh.keylen == keylen_in) { if ((HASH_KEYCMP((out)->hh.key,keyptr,keylen_in)) == 0) break; } if ((out)->hh.hh_next) DECLTYPE_ASSIGN(out,ELMT_FROM_HH(tbl,(out)->hh.hh_next)); else out = NULL; } } while(0)"
"DECLTYPE_ASSIGN","uthash/uthash.h",54,"do { (dst) = DECLTYPE(dst)(src); } while(0)"
"DECLTYPE","uthash/uthash.h",44,"(__typeof(x))"
"HASH_KEYCMP","uthash/uthash.h",366,"memcmp(a,b,len)"
"SKIP_SPACES_COMMENTS","src/ucl_parser.c",2424,"do { while ((p) < (chunk)->end) { if (!ucl_test_character(*(p), UCL_CHARACTER_WHITESPACE_UNSAFE)) { if ((chunk)->remain >= 2 && ucl_lex_is_comment((p)[0], (p)[1])) { if (!ucl_skip_comments(parser)) { return false; } p = (chunk)->pos; } break; } ucl_chunk_skipc(chunk, p); } } while (0)"
"TREE_INIT","src/tree.h",202,"do { (head)->th_root = 0; (head)->th_cmp = (cmp); } while (0)"
"TREE_REVERSE_APPLY","src/tree.h",199,"TREE_REVERSE_APPLY_ALL_ ## node ## _ ## field((head)->th_root, function, data)"
"TREE_FORWARD_APPLY","src/tree.h",196,"TREE_FORWARD_APPLY_ALL_ ## node ## _ ## field((head)->th_root, function, data)"
"TREE_DEPTH","src/tree.h",193,"((head)->th_root->field.avl_height)"
"TREE_REMOVE","src/tree.h",190,"((head)->th_root = TREE_REMOVE_ ## node ## _ ## field((head)->th_root, (elm), (head)->th_cmp))"
"TREE_FIND","src/tree.h",187,"(TREE_FIND_ ## node ## _ ## field((head)->th_root, (elm), (head)->th_cmp))"
"TREE_INSERT","src/tree.h",184,"((head)->th_root = TREE_INSERT_ ## node ## _ ## field((head)->th_root, (elm), (head)->th_cmp))"
"TREE_DEFINE","src/tree.h",75,"static struct node *_HU_FUNCTION(TREE_BALANCE_ ## node ## _ ## field)(struct node *); static struct node *_HU_FUNCTION(TREE_ROTL_ ## node ## _ ## field)(struct node * self) { struct node *r = self->field.avl_right; self->field.avl_right = r->field.avl_left; r->field.avl_left = TREE_BALANCE_ ## node ## _ ## field(self); return TREE_BALANCE_ ## node ## _ ## field(r); } static struct node *_HU_FUNCTION(TREE_ROTR_ ## node ## _ ## field)(struct node * self) { struct node *l = self->field.avl_left; self->field.avl_left = l->field.avl_right; l->field.avl_right = TREE_BALANCE_ ## node ## _ ## field(self); return TREE_BALANCE_ ## node ## _ ## field(l); } static struct node *_HU_FUNCTION(TREE_BALANCE_ ## node ## _ ## field)(struct node * self) { int delta = TREE_DELTA(self, field); if (delta < -TREE_DELTA_MAX) { if (TREE_DELTA(self->field.avl_right, field) > 0) self->field.avl_right = TREE_ROTR_ ## node ## _ ## field(self->field.avl_right); return TREE_ROTL_ ## node ## _ ## field(self); } else if (delta > TREE_DELTA_MAX) { if (TREE_DELTA(self->field.avl_left, field) < 0) self->field.avl_left = TREE_ROTL_ ## node ## _ ## field(self->field.avl_left); return TREE_ROTR_ ## node ## _ ## field(self); } self->field.avl_height = 0; if (self->field.avl_left && (self->field.avl_left->field.avl_height > self->field.avl_height)) self->field.avl_height = self->field.avl_left->field.avl_height; if (self->field.avl_right && (self->field.avl_right->field.avl_height > self->field.avl_height)) self->field.avl_height = self->field.avl_right->field.avl_height; self->field.avl_height += 1; return self; } static struct node *_HU_FUNCTION(TREE_INSERT_ ## node ## _ ## field)(struct node * self, struct node * elm, int (*compare)(struct node * lhs, struct node * rhs)) { if (!self) return elm; if (compare(elm, self) < 0) self->field.avl_left = TREE_INSERT_ ## node ## _ ## field(self->field.avl_left, elm, compare); else self->field.avl_right = TREE_INSERT_ ## node ## _ ## field(self->field.avl_right, elm, compare); return TREE_BALANCE_ ## node ## _ ## field(self); } static struct node *_HU_FUNCTION(TREE_FIND_ ## node ## _ ## field)(struct node * self, struct node * elm, int (*compare)(struct node * lhs, struct node * rhs)) { if (!self) return 0; if (compare(elm, self) == 0) return self; if (compare(elm, self) < 0) return TREE_FIND_ ## node ## _ ## field(self->field.avl_left, elm, compare); else return TREE_FIND_ ## node ## _ ## field(self->field.avl_right, elm, compare); } static struct node *_HU_FUNCTION(TREE_MOVE_RIGHT)(struct node * self, struct node * rhs) { if (!self) return rhs; self->field.avl_right = TREE_MOVE_RIGHT(self->field.avl_right, rhs); return TREE_BALANCE_ ## node ## _ ## field(self); } static struct node *_HU_FUNCTION(TREE_REMOVE_ ## node ## _ ## field)(struct node * self, struct node * elm, int (*compare)(struct node * lhs, struct node * rhs)) { if (!self) return 0; if (compare(elm, self) == 0) { struct node *tmp = TREE_MOVE_RIGHT(self->field.avl_left, self->field.avl_right); self->field.avl_left = 0; self->field.avl_right = 0; return tmp; } if (compare(elm, self) < 0) self->field.avl_left = TREE_REMOVE_ ## node ## _ ## field(self->field.avl_left, elm, compare); else self->field.avl_right = TREE_REMOVE_ ## node ## _ ## field(self->field.avl_right, elm, compare); return TREE_BALANCE_ ## node ## _ ## field(self); } static void _HU_FUNCTION(TREE_FORWARD_APPLY_ALL_ ## node ## _ ## field)(struct node * self, void (*function)(struct node * node, void *data), void *data) { if (self) { TREE_FORWARD_APPLY_ALL_ ## node ## _ ## field(self->field.avl_left, function, data); function(self, data); TREE_FORWARD_APPLY_ALL_ ## node ## _ ## field(self->field.avl_right, function, data); } } static void _HU_FUNCTION(TREE_REVERSE_APPLY_ALL_ ## node ## _ ## field)(struct node * self, void (*function)(struct node * node, void *data), void *data) { if (self) { TREE_REVERSE_APPLY_ALL_ ## node ## _ ## field(self->field.avl_right, function, data); function(self, data); TREE_REVERSE_APPLY_ALL_ ## node ## _ ## field(self->field.avl_left, function, data); } }"
"TREE_DELTA","src/tree.h",70,"(((((self)->field.avl_left) ? (self)->field.avl_left->field.avl_height : 0)) - (((self)->field.avl_right) ? (self)->field.avl_right->field.avl_height : 0))"
"TREE_INITIALIZER","src/tree.h",68,"{0, cmp}"
"TREE_HEAD","src/tree.h",62,"struct name { struct type *th_root; int (*th_cmp)(struct type * lhs, struct type *rhs); }"
"TREE_ENTRY","src/tree.h",55,"struct { struct type *avl_left; struct type *avl_right; int avl_height; }"
"LL_FOREACH_SAFE2","uthash/utlist.h",424,"for ((el) = (head); (el) && ((tmp) = (el)->next, 1); (el) = (tmp))"
"LL_FOREACH_SAFE","uthash/utlist.h",421,"LL_FOREACH_SAFE2(head,el,tmp,next)"
"UCL_DEPRECATED","include/ucl.h",98,"func __attribute__((deprecated))"
"CDL_APPEND_ELEM","uthash/utlist.h",1043,"CDL_APPEND_ELEM2(head, el, add, prev, next)"
"CDL_APPEND_ELEM2","uthash/utlist.h",1029,"do { if (el) { assert((head) != NULL); assert((add) != NULL); (add)->next = (el)->next; (add)->prev = (el); (el)->next = (add); (add)->next->prev = (add); } else { CDL_PREPEND2(head, add, prev, next); } } while (0)"
"CDL_PREPEND_ELEM","uthash/utlist.h",1026,"CDL_PREPEND_ELEM2(head, el, add, prev, next)"
"CDL_PREPEND_ELEM2","uthash/utlist.h",1009,"do { if (el) { assert((head) != NULL); assert((add) != NULL); (add)->next = (el); (add)->prev = (el)->prev; (el)->prev = (add); (add)->prev->next = (add); if ((head) == (el)) { (head) = (add); } } else { CDL_APPEND2(head, add, prev, next); } } while (0)"
"CDL_REPLACE_ELEM","uthash/utlist.h",1006,"CDL_REPLACE_ELEM2(head, el, add, prev, next)"
"CDL_REPLACE_ELEM2","uthash/utlist.h",986,"do { assert((head) != NULL); assert((el) != NULL); assert((add) != NULL); if ((el)->next == (el)) { (add)->next = (add); (add)->prev = (add); (head) = (add); } else { (add)->next = (el)->next; (add)->prev = (el)->prev; (add)->next->prev = (add); (add)->prev->next = (add); if ((head) == (el)) { (head) = (add); } } } while (0)"
"CDL_SEARCH2","uthash/utlist.h",979,"do { CDL_FOREACH2(head,out,next) { if ((cmp(out,elt))==0) break; } } while (0)"
"CDL_SEARCH","uthash/utlist.h",976,"CDL_SEARCH2(head,out,elt,cmp,next)"
"CDL_SEARCH_SCALAR2","uthash/utlist.h",969,"do { CDL_FOREACH2(head,out,next) { if ((out)->field == (val)) break; } } while (0)"
"CDL_SEARCH_SCALAR","uthash/utlist.h",966,"CDL_SEARCH_SCALAR2(head,out,field,val,next)"
"CDL_FOREACH_SAFE2","uthash/utlist.h",961,"for ((el) = (head), (tmp1) = (head) ? (head)->prev : NULL; (el) && ((tmp2) = (el)->next, 1); (el) = ((el) == (tmp1) ? NULL : (tmp2)))"
"CDL_FOREACH_SAFE","uthash/utlist.h",958,"CDL_FOREACH_SAFE2(head,el,tmp1,tmp2,prev,next)"
"CDL_FOREACH2","uthash/utlist.h",955,"for ((el)=(head);el;(el)=(((el)->next==(head)) ? NULL : (el)->next))"
"CDL_FOREACH","uthash/utlist.h",952,"CDL_FOREACH2(head,el,next)"
"CDL_COUNT2","uthash/utlist.h",946,"do { (counter) = 0; CDL_FOREACH2(head,el,next) { ++(counter); } } while (0)"
"CDL_COUNT","uthash/utlist.h",943,"CDL_COUNT2(head,el,counter,next)"
"CDL_DELETE2","uthash/utlist.h",932,"do { if (((head)==(del)) && ((head)->next == (head))) { (head) = NULL; } else { (del)->next->prev = (del)->prev; (del)->prev->next = (del)->next; if ((del) == (head)) (head)=(del)->next; } } while (0)"
"CDL_DELETE","uthash/utlist.h",929,"CDL_DELETE2(head,del,prev,next)"
"CDL_LOWER_BOUND2","uthash/utlist.h",916,"do { if ((head) == NULL || (cmp(head, like)) >= 0) { (elt) = NULL; } else { for ((elt) = (head); (elt)->next != (head); (elt) = (elt)->next) { if ((cmp((elt)->next, like)) >= 0) { break; } } } } while (0)"
"CDL_LOWER_BOUND","uthash/utlist.h",913,"CDL_LOWER_BOUND2(head,elt,like,cmp,next)"
"CDL_INSERT_INORDER2","uthash/utlist.h",900,"do { LDECLTYPE(head) _tmp; if (head) { CDL_LOWER_BOUND2(head, _tmp, add, cmp, next); CDL_APPEND_ELEM2(head, _tmp, add, prev, next); } else { (head) = (add); (head)->next = (head); (head)->prev = (head); } } while (0)"
"CDL_INSERT_INORDER","uthash/utlist.h",897,"CDL_INSERT_INORDER2(head,add,cmp,prev,next)"
"CDL_PREPEND2","uthash/utlist.h",883,"do { if (head) { (add)->prev = (head)->prev; (add)->next = (head); (head)->prev = (add); (add)->prev->next = (add); } else { (add)->prev = (add); (add)->next = (add); } (head) = (add); } while (0)"
"CDL_PREPEND","uthash/utlist.h",880,"CDL_PREPEND2(head,add,prev,next)"
"CDL_APPEND2","uthash/utlist.h",866,"do { if (head) { (add)->prev = (head)->prev; (add)->next = (head); (head)->prev = (add); (add)->prev->next = (add); } else { (add)->prev = (add); (add)->next = (add); (head) = (add); } } while (0)"
"CDL_APPEND","uthash/utlist.h",863,"CDL_APPEND2(head,add,prev,next)"
"DL_APPEND_ELEM","uthash/utlist.h",824,"DL_APPEND_ELEM2(head, el, add, prev, next)"
"DL_APPEND_ELEM2","uthash/utlist.h",806,"do { if (el) { assert((head) != NULL); assert((add) != NULL); (add)->next = (el)->next; (add)->prev = (el); (el)->next = (add); if ((add)->next) { (add)->next->prev = (add); } else { (head)->prev = (add); } } else { DL_PREPEND2(head, add, prev, next); } } while (0)"
"DL_PREPEND_ELEM","uthash/utlist.h",803,"DL_PREPEND_ELEM2(head, el, add, prev, next)"
"DL_PREPEND_ELEM2","uthash/utlist.h",785,"do { if (el) { assert((head) != NULL); assert((add) != NULL); (add)->next = (el); (add)->prev = (el)->prev; (el)->prev = (add); if ((head) == (el)) { (head) = (add); } else { (add)->prev->next = (add); } } else { DL_APPEND2(head, add, prev, next); } } while (0)"
"DL_COUNT2","uthash/utlist.h",731,"do { (counter) = 0; DL_FOREACH2(head,el,next) { ++(counter); } } while (0)"
"DL_COUNT","uthash/utlist.h",728,"DL_COUNT2(head,el,counter,next)"
"DL_CONCAT2","uthash/utlist.h",690,"do { LDECLTYPE(head1) _tmp; if (head2) { if (head1) { UTLIST_CASTASGN(_tmp, (head2)->prev); (head2)->prev = (head1)->prev; (head1)->prev->next = (head2); UTLIST_CASTASGN((head1)->prev, _tmp); } else { (head1)=(head2); } } } while (0)"
"DL_CONCAT","uthash/utlist.h",687,"DL_CONCAT2(head1,head2,prev,next)"
"DL_LOWER_BOUND2","uthash/utlist.h",674,"do { if ((head) == NULL || (cmp(head, like)) >= 0) { (elt) = NULL; } else { for ((elt) = (head); (elt)->next != NULL; (elt) = (elt)->next) { if ((cmp((elt)->next, like)) >= 0) { break; } } } } while (0)"
"DL_LOWER_BOUND","uthash/utlist.h",671,"DL_LOWER_BOUND2(head,elt,like,cmp,next)"
"DL_INSERT_INORDER2","uthash/utlist.h",658,"do { LDECLTYPE(head) _tmp; if (head) { DL_LOWER_BOUND2(head, _tmp, add, cmp, next); DL_APPEND_ELEM2(head, _tmp, add, prev, next); } else { (head) = (add); (head)->prev = (head); (head)->next = NULL; } } while (0)"
"DL_INSERT_INORDER","uthash/utlist.h",655,"DL_INSERT_INORDER2(head,add,cmp,prev,next)"
"DL_PREPEND2","uthash/utlist.h",626,"do { (add)->next = (head); if (head) { (add)->prev = (head)->prev; (head)->prev = (add); } else { (add)->prev = (add); } (head) = (add); } while (0)"
"DL_PREPEND","uthash/utlist.h",623,"DL_PREPEND2(head,add,prev,next)"
"LL_APPEND_ELEM","uthash/utlist.h",508,"LL_APPEND_ELEM2(head, el, add, next)"
"LL_APPEND_ELEM2","uthash/utlist.h",496,"do { if (el) { assert((head) != NULL); assert((add) != NULL); (add)->next = (el)->next; (el)->next = (add); } else { LL_PREPEND2(head, add, next); } } while (0)"
"LL_PREPEND_ELEM","uthash/utlist.h",493,"LL_PREPEND_ELEM2(head, el, add, next)"
"LL_PREPEND_ELEM2","uthash/utlist.h",470,"do { if (el) { LDECLTYPE(head) _tmp; assert((head) != NULL); assert((add) != NULL); (add)->next = (el); if ((head) == (el)) { (head) = (add); } else { _tmp = (head); while (_tmp->next && (_tmp->next != (el))) { _tmp = _tmp->next; } if (_tmp->next) { _tmp->next = (add); } } } else { LL_APPEND2(head, add, next); } } while (0)"
"LL_REPLACE_ELEM","uthash/utlist.h",467,"LL_REPLACE_ELEM2(head, el, add, next)"
"LL_REPLACE_ELEM2","uthash/utlist.h",447,"do { LDECLTYPE(head) _tmp; assert((head) != NULL); assert((el) != NULL); assert((add) != NULL); (add)->next = (el)->next; if ((head) == (el)) { (head) = (add); } else { _tmp = (head); while (_tmp->next && (_tmp->next != (el))) { _tmp = _tmp->next; } if (_tmp->next) { _tmp->next = (add); } } } while (0)"
"LL_COUNT2","uthash/utlist.h",409,"do { (counter) = 0; LL_FOREACH2(head,el,next) { ++(counter); } } while (0)"
"LL_COUNT","uthash/utlist.h",406,"LL_COUNT2(head,el,counter,next)"
"LL_DELETE2","uthash/utlist.h",390,"do { LDECLTYPE(head) _tmp; if ((head) == (del)) { (head)=(head)->next; } else { _tmp = (head); while (_tmp->next && (_tmp->next != (del))) { _tmp = _tmp->next; } if (_tmp->next) { _tmp->next = (del)->next; } } } while (0)"
"LL_DELETE","uthash/utlist.h",387,"LL_DELETE2(head,del,next)"
"LL_LOWER_BOUND2","uthash/utlist.h",374,"do { if ((head) == NULL || (cmp(head, like)) >= 0) { (elt) = NULL; } else { for ((elt) = (head); (elt)->next != NULL; (elt) = (elt)->next) { if (cmp((elt)->next, like) >= 0) { break; } } } } while (0)"
"LL_LOWER_BOUND","uthash/utlist.h",371,"LL_LOWER_BOUND2(head,elt,like,cmp,next)"
"LL_INSERT_INORDER2","uthash/utlist.h",359,"do { LDECLTYPE(head) _tmp; if (head) { LL_LOWER_BOUND2(head, _tmp, add, cmp, next); LL_APPEND_ELEM2(head, _tmp, add, next); } else { (head) = (add); (head)->next = NULL; } } while (0)"
"LL_INSERT_INORDER","uthash/utlist.h",356,"LL_INSERT_INORDER2(head,add,cmp,next)"
"LL_APPEND2","uthash/utlist.h",343,"do { LDECLTYPE(head) _tmp; (add)->next=NULL; if (head) { _tmp = (head); while (_tmp->next) { _tmp = _tmp->next; } _tmp->next=(add); } else { (head)=(add); } } while (0)"
"LL_APPEND","uthash/utlist.h",340,"LL_APPEND2(head,add,next)"
"LL_CONCAT2","uthash/utlist.h",328,"do { LDECLTYPE(head1) _tmp; if (head1) { _tmp = (head1); while (_tmp->next) { _tmp = _tmp->next; } _tmp->next=(head2); } else { (head1)=(head2); } } while (0)"
"LL_CONCAT","uthash/utlist.h",325,"LL_CONCAT2(head1,head2,next)"
"CDL_SORT2","uthash/utlist.h",240,"do { LDECLTYPE(list) _ls_p; LDECLTYPE(list) _ls_q; LDECLTYPE(list) _ls_e; LDECLTYPE(list) _ls_tail; LDECLTYPE(list) _ls_oldhead; LDECLTYPE(list) _tmp; int _ls_insize, _ls_nmerges, _ls_psize, _ls_qsize, _ls_i, _ls_looping; if (list) { _ls_insize = 1; _ls_looping = 1; while (_ls_looping) { UTLIST_CASTASGN(_ls_p,list); UTLIST_CASTASGN(_ls_oldhead,list); (list) = NULL; _ls_tail = NULL; _ls_nmerges = 0; while (_ls_p) { _ls_nmerges++; _ls_q = _ls_p; _ls_psize = 0; for (_ls_i = 0; _ls_i < _ls_insize; _ls_i++) { _ls_psize++; UTLIST_SV(_ls_q,list); if (UTLIST_NEXT(_ls_q,list,next) == _ls_oldhead) { _ls_q = NULL; } else { _ls_q = UTLIST_NEXT(_ls_q,list,next); } UTLIST_RS(list); if (!_ls_q) break; } _ls_qsize = _ls_insize; while (_ls_psize > 0 || (_ls_qsize > 0 && _ls_q)) { if (_ls_psize == 0) { _ls_e = _ls_q; UTLIST_SV(_ls_q,list); _ls_q = UTLIST_NEXT(_ls_q,list,next); UTLIST_RS(list); _ls_qsize--; if (_ls_q == _ls_oldhead) { _ls_q = NULL; } } else if (_ls_qsize == 0 || !_ls_q) { _ls_e = _ls_p; UTLIST_SV(_ls_p,list); _ls_p = UTLIST_NEXT(_ls_p,list,next); UTLIST_RS(list); _ls_psize--; if (_ls_p == _ls_oldhead) { _ls_p = NULL; } } else if (cmp(_ls_p,_ls_q) <= 0) { _ls_e = _ls_p; UTLIST_SV(_ls_p,list); _ls_p = UTLIST_NEXT(_ls_p,list,next); UTLIST_RS(list); _ls_psize--; if (_ls_p == _ls_oldhead) { _ls_p = NULL; } } else { _ls_e = _ls_q; UTLIST_SV(_ls_q,list); _ls_q = UTLIST_NEXT(_ls_q,list,next); UTLIST_RS(list); _ls_qsize--; if (_ls_q == _ls_oldhead) { _ls_q = NULL; } } if (_ls_tail) { UTLIST_SV(_ls_tail,list); UTLIST_NEXTASGN(_ls_tail,list,_ls_e,next); UTLIST_RS(list); } else { UTLIST_CASTASGN(list,_ls_e); } UTLIST_SV(_ls_e,list); UTLIST_PREVASGN(_ls_e,list,_ls_tail,prev); UTLIST_RS(list); _ls_tail = _ls_e; } _ls_p = _ls_q; } UTLIST_CASTASGN((list)->prev,_ls_tail); UTLIST_CASTASGN(_tmp,list); UTLIST_SV(_ls_tail,list); UTLIST_NEXTASGN(_ls_tail,list,_tmp,next); UTLIST_RS(list); if (_ls_nmerges <= 1) { _ls_looping=0; } _ls_insize *= 2; } } } while (0)"
"CDL_SORT","uthash/utlist.h",237,"CDL_SORT2(list, cmp, prev, next)"
"LL_SORT2","uthash/utlist.h",113,"do { LDECLTYPE(list) _ls_p; LDECLTYPE(list) _ls_q; LDECLTYPE(list) _ls_e; LDECLTYPE(list) _ls_tail; IF_NO_DECLTYPE(LDECLTYPE(list) _tmp;) int _ls_insize, _ls_nmerges, _ls_psize, _ls_qsize, _ls_i, _ls_looping; if (list) { _ls_insize = 1; _ls_looping = 1; while (_ls_looping) { UTLIST_CASTASGN(_ls_p,list); (list) = NULL; _ls_tail = NULL; _ls_nmerges = 0; while (_ls_p) { _ls_nmerges++; _ls_q = _ls_p; _ls_psize = 0; for (_ls_i = 0; _ls_i < _ls_insize; _ls_i++) { _ls_psize++; UTLIST_SV(_ls_q,list); _ls_q = UTLIST_NEXT(_ls_q,list,next); UTLIST_RS(list); if (!_ls_q) break; } _ls_qsize = _ls_insize; while (_ls_psize > 0 || (_ls_qsize > 0 && _ls_q)) { if (_ls_psize == 0) { _ls_e = _ls_q; UTLIST_SV(_ls_q,list); _ls_q = UTLIST_NEXT(_ls_q,list,next); UTLIST_RS(list); _ls_qsize--; } else if (_ls_qsize == 0 || !_ls_q) { _ls_e = _ls_p; UTLIST_SV(_ls_p,list); _ls_p = UTLIST_NEXT(_ls_p,list,next); UTLIST_RS(list); _ls_psize--; } else if (cmp(_ls_p,_ls_q) <= 0) { _ls_e = _ls_p; UTLIST_SV(_ls_p,list); _ls_p = UTLIST_NEXT(_ls_p,list,next); UTLIST_RS(list); _ls_psize--; } else { _ls_e = _ls_q; UTLIST_SV(_ls_q,list); _ls_q = UTLIST_NEXT(_ls_q,list,next); UTLIST_RS(list); _ls_qsize--; } if (_ls_tail) { UTLIST_SV(_ls_tail,list); UTLIST_NEXTASGN(_ls_tail,list,_ls_e,next); UTLIST_RS(list); } else { UTLIST_CASTASGN(list,_ls_e); } _ls_tail = _ls_e; } _ls_p = _ls_q; } if (_ls_tail) { UTLIST_SV(_ls_tail,list); UTLIST_NEXTASGN(_ls_tail,list,NULL,next); UTLIST_RS(list); } if (_ls_nmerges <= 1) { _ls_looping=0; } _ls_insize *= 2; } } } while (0)"
"LL_SORT","uthash/utlist.h",110,"LL_SORT2(list, cmp, next)"
"utstring_len","uthash/utstring.h",119,"((unsigned)((s)->i))"
"utstring_concat","uthash/utstring.h",111,"do { utstring_reserve((dst),((src)->i)+1); if ((src)->i) memcpy(&(dst)->d[(dst)->i], (src)->d, (src)->i); (dst)->i += (src)->i; (dst)->d[(dst)->i]='\0'; } while(0)"
"utstring_bincpy","uthash/utstring.h",103,"do { utstring_reserve((s),(l)+1); if (l) memcpy(&(s)->d[(s)->i], b, l); (s)->i += l; (s)->d[(s)->i]='\0'; } while(0)"
"utstring_clear","uthash/utstring.h",97,"do { (s)->i = 0; (s)->d[0] = '\0'; } while(0)"
"utstring_renew","uthash/utstring.h",88,"do { if (s) { utstring_clear(s); } else { utstring_new(s); } } while(0)"
"utstring_free","uthash/utstring.h",75,"do { utstring_done(s); free(s); } while(0)"
"utstring_done","uthash/utstring.h",69,"do { if ((s)->d != NULL) free((s)->d); (s)->n = 0; } while(0)"
"_MUM_TARGET","src/mum.h",79,"__attribute__((__target__(opts)))"
"_MUM_OPTIMIZE","src/mum.h",78,"__attribute__((__optimize__(opts)))"
"_mum_bswap64","src/mum.h",174,"__builtin_bswap64(x)"
"_mum_bswap32","src/mum.h",173,"__builtin_bswap32(x)"
"HASH_CNT","uthash/uthash.h",650,"((head)?((head)->hh.tbl->num_items):0)"
"HASH_COUNT","uthash/uthash.h",649,"HASH_CNT(hh,head)"
"HASH_ITER","uthash/uthash.h",643,"for((el)=(head),(tmp)=DECLTYPE(el)((head)?(head)->hh.next:NULL); el; (el)=(tmp),(tmp)=DECLTYPE(el)((tmp)?(tmp)->hh.next:NULL))"
"HASH_OVERHEAD","uthash/uthash.h",632,"(size_t)((((head)->hh.tbl->num_items * sizeof(UT_hash_handle)) + ((head)->hh.tbl->num_buckets * sizeof(UT_hash_bucket)) + (sizeof(UT_hash_table)) + (HASH_BLOOM_BYTELEN)))"
"HASH_CLEAR","uthash/uthash.h",621,"do { if (head) { uthash_free((head)->hh.tbl->buckets, (head)->hh.tbl->num_buckets*sizeof(struct UT_hash_bucket)); HASH_BLOOM_FREE((head)->hh.tbl); uthash_free((head)->hh.tbl, sizeof(UT_hash_table)); (head)=NULL; } } while(0)"
"HASH_SELECT","uthash/uthash.h",583,"do { unsigned _src_bkt, _dst_bkt; void *_last_elt=NULL, *_elt; UT_hash_handle *_src_hh, *_dst_hh, *_last_elt_hh=NULL; ptrdiff_t _dst_hho = ((char*)(&(dst)->hh_dst) - (char*)(dst)); if (src) { for(_src_bkt=0; _src_bkt < (src)->hh_src.tbl->num_buckets; _src_bkt++) { for(_src_hh = (src)->hh_src.tbl->buckets[_src_bkt].hh_head; _src_hh; _src_hh = _src_hh->hh_next) { _elt = ELMT_FROM_HH((src)->hh_src.tbl, _src_hh); if (cond(_elt)) { _dst_hh = (UT_hash_handle*)(((char*)_elt) + _dst_hho); _dst_hh->key = _src_hh->key; _dst_hh->keylen = _src_hh->keylen; _dst_hh->hashv = _src_hh->hashv; _dst_hh->prev = _last_elt; _dst_hh->next = NULL; if (_last_elt_hh) { _last_elt_hh->next = _elt; } if (!dst) { DECLTYPE_ASSIGN(dst,_elt); HASH_MAKE_TABLE(hh_dst,dst); } else { _dst_hh->tbl = (dst)->hh_dst.tbl; } HASH_TO_BKT(_dst_hh->hashv, _dst_hh->tbl->num_buckets, _dst_bkt); HASH_ADD_TO_BKT(_dst_hh->tbl->buckets[_dst_bkt],_dst_hh); (dst)->hh_dst.tbl->num_items++; _last_elt = _elt; _last_elt_hh = _dst_hh; } } } } HASH_FSCK(hh_dst,dst); } while (0)"
"HASH_SRT","uthash/uthash.h",491,"do { unsigned _hs_i; unsigned _hs_looping,_hs_nmerges,_hs_insize,_hs_psize,_hs_qsize; struct UT_hash_handle *_hs_p, *_hs_q, *_hs_e, *_hs_list, *_hs_tail; if (head) { _hs_insize = 1; _hs_looping = 1; _hs_list = &((head)->hh); while (_hs_looping) { _hs_p = _hs_list; _hs_list = NULL; _hs_tail = NULL; _hs_nmerges = 0; while (_hs_p) { _hs_nmerges++; _hs_q = _hs_p; _hs_psize = 0; for ( _hs_i = 0; _hs_i < _hs_insize; _hs_i++ ) { _hs_psize++; _hs_q = (UT_hash_handle*)((_hs_q->next) ? ((void*)((char*)(_hs_q->next) + (head)->hh.tbl->hho)) : NULL); if (! (_hs_q) ) break; } _hs_qsize = _hs_insize; while ((_hs_psize > 0) || ((_hs_qsize > 0) && _hs_q )) { if (_hs_psize == 0) { _hs_e = _hs_q; _hs_q = (UT_hash_handle*)((_hs_q->next) ? ((void*)((char*)(_hs_q->next) + (head)->hh.tbl->hho)) : NULL); _hs_qsize--; } else if ( (_hs_qsize == 0) || !(_hs_q) ) { _hs_e = _hs_p; if (_hs_p){ _hs_p = (UT_hash_handle*)((_hs_p->next) ? ((void*)((char*)(_hs_p->next) + (head)->hh.tbl->hho)) : NULL); } _hs_psize--; } else if (( cmpfcn(DECLTYPE(head)(ELMT_FROM_HH((head)->hh.tbl,_hs_p)), DECLTYPE(head)(ELMT_FROM_HH((head)->hh.tbl,_hs_q))) ) <= 0) { _hs_e = _hs_p; if (_hs_p){ _hs_p = (UT_hash_handle*)((_hs_p->next) ? ((void*)((char*)(_hs_p->next) + (head)->hh.tbl->hho)) : NULL); } _hs_psize--; } else { _hs_e = _hs_q; _hs_q = (UT_hash_handle*)((_hs_q->next) ? ((void*)((char*)(_hs_q->next) + (head)->hh.tbl->hho)) : NULL); _hs_qsize--; } if ( _hs_tail ) { _hs_tail->next = ((_hs_e) ? ELMT_FROM_HH((head)->hh.tbl,_hs_e) : NULL); } else { _hs_list = _hs_e; } if (_hs_e) { _hs_e->prev = ((_hs_tail) ? ELMT_FROM_HH((head)->hh.tbl,_hs_tail) : NULL); } _hs_tail = _hs_e; } _hs_p = _hs_q; } if (_hs_tail){ _hs_tail->next = NULL; } if ( _hs_nmerges <= 1 ) { _hs_looping=0; (head)->hh.tbl->tail = _hs_tail; DECLTYPE_ASSIGN(head,ELMT_FROM_HH((head)->hh.tbl, _hs_list)); } _hs_insize *= 2; } HASH_FSCK(hh,head); } } while (0)"
"HASH_SORT","uthash/uthash.h",490,"HASH_SRT(hh,head,cmpfcn)"
"HASH_DEL_IN_BKT","uthash/uthash.h",397,"(head).count--; if ((head).hh_head == hh_del) { (head).hh_head = hh_del->hh_next; } if (hh_del->hh_prev) { hh_del->hh_prev->hh_next = hh_del->hh_next; } if (hh_del->hh_next) { hh_del->hh_next->hh_prev = hh_del->hh_prev; }"
"HASH_DEL","uthash/uthash.h",271,"HASH_DELETE(hh,head,delptr)"
"HASH_REPLACE_PTR","uthash/uthash.h",269,"HASH_REPLACE(hh,head,ptrfield,sizeof(void *),add,replaced)"
"HASH_ADD_PTR","uthash/uthash.h",267,"HASH_ADD(hh,head,ptrfield,sizeof(void *),add)"
"HASH_FIND_PTR","uthash/uthash.h",265,"HASH_FIND(hh,head,findptr,sizeof(void *),out)"
"HASH_REPLACE_INT","uthash/uthash.h",263,"HASH_REPLACE(hh,head,intfield,sizeof(int),add,replaced)"
"HASH_ADD_INT","uthash/uthash.h",261,"HASH_ADD(hh,head,intfield,sizeof(int),add)"
"HASH_FIND_INT","uthash/uthash.h",259,"HASH_FIND(hh,head,findint,sizeof(int),out)"
"HASH_REPLACE_STR","uthash/uthash.h",257,"HASH_REPLACE(hh,head,strfield,strlen(add->strfield),add,replaced)"
"HASH_ADD_STR","uthash/uthash.h",255,"HASH_ADD(hh,head,strfield,strlen(add->strfield),add)"
"HASH_FIND_STR","uthash/uthash.h",253,"HASH_FIND(hh,head,findstr,strlen(findstr),out)"
"HASH_DELETE","uthash/uthash.h",216,"do { unsigned _hd_bkt; struct UT_hash_handle *_hd_hh_del; if ( ((delptr)->hh.prev == NULL) && ((delptr)->hh.next == NULL) ) { uthash_free((head)->hh.tbl->buckets, (head)->hh.tbl->num_buckets*sizeof(struct UT_hash_bucket) ); HASH_BLOOM_FREE((head)->hh.tbl); uthash_free((head)->hh.tbl, sizeof(UT_hash_table)); head = NULL; } else { _hd_hh_del = &((delptr)->hh); if ((delptr) == ELMT_FROM_HH((head)->hh.tbl,(head)->hh.tbl->tail)) { (head)->hh.tbl->tail = (UT_hash_handle*)((ptrdiff_t)((delptr)->hh.prev) + (head)->hh.tbl->hho); } if ((delptr)->hh.prev) { ((UT_hash_handle*)((ptrdiff_t)((delptr)->hh.prev) + (head)->hh.tbl->hho))->next = (delptr)->hh.next; } else { DECLTYPE_ASSIGN(head,(delptr)->hh.next); } if (_hd_hh_del->next) { ((UT_hash_handle*)((ptrdiff_t)_hd_hh_del->next + (head)->hh.tbl->hho))->prev = _hd_hh_del->prev; } HASH_TO_BKT( _hd_hh_del->hashv, (head)->hh.tbl->num_buckets, _hd_bkt); HASH_DEL_IN_BKT(hh,(head)->hh.tbl->buckets[_hd_bkt], _hd_hh_del); (head)->hh.tbl->num_items--; } HASH_FSCK(hh,head); } while (0)"
"HASH_REPLACE","uthash/uthash.h",164,"do { replaced=NULL; HASH_FIND(hh,head,&((add)->fieldname),keylen_in,replaced); if (replaced!=NULL) { HASH_DELETE(hh,head,replaced); }; HASH_ADD(hh,head,fieldname,keylen_in,add); } while(0)"
"HASH_ADD","uthash/uthash.h",161,"HASH_ADD_KEYPTR(hh,head,&((add)->fieldname),keylen_in,add)"
"kv_concat","klib/kvec.h",155,"do { if ((v1).m < (v0).n + (v1).n) kv_resize(type, v1, (v0).n + (v1).n); memcpy((v1).a + (v1).n, (v0).a, sizeof(type) * (v0).n); (v1).n = (v0).n + (v1).n; } while (0)"
"kv_prepend","klib/kvec.h",146,"do { if ((v).n == (v).m) { kv_grow(type, v); } memmove((v).a + 1, (v).a, sizeof(type) * (v).n); (v).a[0] = (x); (v).n ++; } while (0)"
"kv_push","klib/kvec.h",139,"do { if ((v).n == (v).m) { kv_grow(type, v); } (v).a[(v).n++] = (x); } while (0)"
"kv_copy","klib/kvec.h",133,"do { if ((v1).m < (v0).n) kv_resize(type, v1, (v0).n); (v1).n = (v0).n; memcpy((v1).a, (v0).a, sizeof(type) * (v0).n); } while (0)"
"kv_grow","klib/kvec.h",130,"((v).m = ((v).m > 1 ? (v).m * kv_grow_factor : 2), (v).a = (type*)realloc((v).a, sizeof(type) * (v).m))"
"kv_resize","klib/kvec.h",128,"((v).m = (s), (v).a = (type*)realloc((v).a, sizeof(type) * (v).m))"
"kv_del","klib/kvec.h",116,"do { if ((i) < (v).n) { memmove((v).a + (i), (v).a + ((i) + 1), sizeof(type) * ((v).n - (i) - 1)); (v).n --; } } while (0)"
"kv_concat_safe","klib/kvec.h",109,"do { if ((v1).m < (v0).n + (v1).n) kv_resize_safe(type, v1, (v0).n + (v1).n, el); memcpy((v1).a + (v1).n, (v0).a, sizeof(type) * (v0).n); (v1).n = (v0).n + (v1).n; } while (0)"
"kv_prepend_safe","klib/kvec.h",100,"do { if ((v).n == (v).m) { kv_grow_safe(type, v, el); } memmove((v).a + 1, (v).a, sizeof(type) * (v).n); (v).a[0] = (x); (v).n ++; } while (0)"
"kv_push_safe","klib/kvec.h",93,"do { if ((v).n == (v).m) { kv_grow_safe(type, v, el); } (v).a[(v).n++] = (x); } while (0)"
"kv_copy_safe","klib/kvec.h",87,"do { if ((v1).m < (v0).n) kv_resize_safe(type, v1, (v0).n, el); (v1).n = (v0).n; memcpy((v1).a, (v0).a, sizeof(type) * (v0).n); } while (0)"
"kv_grow_safe","klib/kvec.h",76,"do { size_t _ts = ((v).m > 1 ? (v).m * kv_grow_factor : 2); type *_tp = (type*)realloc((v).a, sizeof(type) * _ts); if (_tp == NULL) { goto el; } else { (v).a = _tp; (v).m = _ts; } } while (0)"
"kv_resize_safe","klib/kvec.h",65,"do { type *_tp = (type*)realloc((v).a, sizeof(type) * (s)); if (_tp == NULL) { goto el; } else { (v).a = _tp; (v).m = (s); } } while (0)"
"kv_max","klib/kvec.h",63,"((v).m)"
"kv_size","klib/kvec.h",62,"((v).n)"
"kv_pop","klib/kvec.h",61,"((v).a[--(v).n])"
"kv_A","klib/kvec.h",60,"((v).a[(i)])"
"kv_destroy","klib/kvec.h",59,"free((v).a)"
"kv_init","klib/kvec.h",58,"((v).n = (v).m = 0, (v).a = 0)"
"kvec_t","klib/kvec.h",57,"struct { size_t n, m; type *a; }"
"kv_roundup32","klib/kvec.h",55,"(--(x), (x)|=(x)>>1, (x)|=(x)>>2, (x)|=(x)>>4, (x)|=(x)>>8, (x)|=(x)>>16, ++(x))"
"UCL_ARRAY_GET","src/ucl_util.c",50,"ucl_array_t *ar = (ucl_array_t *) ((obj) != NULL ? (obj)->value.av : NULL)"
"UCL_SAFE_ITER","src/ucl_util.c",2786,"(struct ucl_object_safe_iter *) (ptr)"
"UCL_SAFE_ITER_CHECK","src/ucl_util.c",2787,"do { assert(it != NULL); assert(memcmp(it->magic, safe_iter_magic, sizeof(it->magic)) == 0); } while (0)"
